{
	"name": "snip-light-artillery",
	"version": "0.0.6",
	"title": "Snip's Light Artillery",
	"author": "SnipSnipSnipered",
	"contact": "",
	"homepage": "",
	"factorio_version": "1.1",
	"dependencies": [
		"base >= 1.1.42",
		"!lightArtillery",
		"!lightArtillery-Balanced",
		"rp_artillery_turret_1_art >= 1.0.0",
		"rp_art_util >= 0.1.1"
	],
	"description": "Mid-game light artillery designed to fit into the vanilla style. Credit to Kizrak for the original mod, art by RaspberryPuppies."
}
