{
    "name": "OD27_5dim_compatibility",
    "version": "1.1.20",
    "factorio_version": "1.1",
    "title": "OD27 fork of 5Dim's mod - New Compatibility",
    "author": "5Dim",
    "contact": "https://github.com/Orangedude27/OD27_5DimMods/issues",
    "homepage": "https://mods.factorio.com/user/Orangedude27",
    "description": "Compatibility mods for OD27 fork of 5Dim's mod\n\rThis mod add compatibility with other mods and include some items into 5Dim's tabs\n\rActual compatibility:\n\r- Krastorio 2\n\r- Space Exploration\n\r- Bob's mods\n\r- Angel's mods\n\r- Omni mods (Except omnifuild)\n\r- Cargo Ships\n\r- Bob inserters\n\r- AAI Industry\n\r- Bio industries\n\r- Mod Mash\n\r- And more!",
    "dependencies": [
        "OD27_5dim_core >= 1.1.8",
        "? Krastorio2",
        "? space-exploration",
        "? boblibrary",
        "? omnilibrary",
        "? aai-industry",
        "? cargo-ships",
        "? aai-industry",
        "? LoaderRedux",
        "? Warehousing",
        "? deadlock-beltboxes-loaders",
        "? Deadlock5Dims",
        "? aai-containers",
        "? deep-storage-unit",
        "? fluid-memory-storage",
        "? logistic-memory-units",
        "? Transport_Drones",
        "? Orbital Ion Cannon",
        "? Bio_Industries",
        "? modmash",

        "! omnifluid",
        "! CircuitProcessing",
        "! 5dim_compatibility"
    ]
}
