{
  "name": "solar-productivity",
  "version": "0.5.0",
  "title": "Solar Productivity",
  "author": "RedRafe",
  "source": "https://github.com/RedRafe/solar-productivity",
  "homepage": "https://mods.factorio.com/mod/solar-productivity",
  "dependencies": [
    "base >= 1.1.0",
    "(?) 248k",
    "(?) Advanced-Electric-Revamped-v16",
    "(?) advanced-green-power",
    "(?) Advanced-Solar-and-Accumulator",
    "(?) Advanced-Solar",
    "(?) AdvancedSolarPanels",
    "(?) compact-solar",
    "(?) exotic-industries",
    "(?) Factorio_Power_RE",
    "(?) FactorioExtended-Energy",
    "(?) FactorioExtended-Plus-CompoundSolars",
    "(?) FactorioExtended-Plus-Power",
    "(?) Krastorio2",
    "(?) Lindors-Advanced-Solar",
    "(?) skan-advanced-solar",
    "(?) space-exploration",
    "(?) Speckled-advanced-solar",
    "(?) zombiesextended-power",
    "(?) Advanced-Electric-Revamped-GOR-v16",
    "(?) Lindors-GOR-Advanced-Solar"
  ],
  "description": "Increase the efficiency of Solar panels and Accumulators by progressing through technology!",
  "factorio_version": "1.1"
}