{
	"name": "aai-loaders",
	"version": "0.1.4",
	"title": "AAI Loaders",
	"author": "Earendel",
	"dependencies": [
		"base >= 1.1.0"
	],
	"package": {
		"ignore": [
			".crowdin.yml",
			".git",
			".github",
			".gitignore",
			".build",
			"LICENSE",
			"README.md",
			".kakrc",
			".vscode"
		]
	},
	"description": "Loaders designed by Wube's concept artist, Earendel. Has 3 operation modes: Lubricated—makes loaders require small amounts of fluid. Expensive—makes loaders have a high upfront cost with no operating fluid consumption. Graphics only—does not add loaders to the game but provides the loader graphics for other mods to reference. Built-in compatibility with AAI Industries, Space Exploration, Krastorio 2, Pyanodons, and Industrial Revolution 2 and 3.",
	"factorio_version": "1.1",
	"homepage": "https://factorio.miraheze.org"
}
