{
    "name": "se-recycling-extras",
    "version": "0.4.2",
    "title": "Space Exploration Recycling Extras",
    "description": "Break down some items into their original components: long space pipes, AAI containers, AFH underground pipes",
    "author": "Harag",
    "contact": "none",
    "factorio_version": "1.1",
    "dependencies": [
        "base",
        "space-exploration",
        "? aai-containers",
        "? intermediate-bulk-containers",
        "? underground-pipe-pack",
        "? Deadlock-SE-bridge",
        "(?) underground-pipe-pack-simplified",
        "? Krastorio2",
        "(?) K2_Turrets"
    ],
    "package": {
        "ignore": [".git", ".github", ".vscode", ".kakrc", "*.xcf", "*.kra"]
    }
}
