{
  "name": "BlackRubberBeltsForBobs",
  "author": "rafasoares",
  "title": "Black Rubber Belts for Bob's Logistics",
  "version": "1.0.0",
  "description": "Adds Black Ruber Belts versions of Bob's Logistics belts",
  "factorio_version": "1.1",
  "contact": "",
  "homepage": "https://github.com/rafasoares/BlackRubberBeltsForBobs",
  "dependencies": [
    "base >= 1.1",
    "boblogistics >= 1.1.6",
    "DeadlockBlackRubberBelts >= 1.0.3"
  ],
  "package": {
    "git_publish_branch": "main",
    "ignore": [
      "images",
      "stylua.toml"
    ]
  }
}
