{
  "name": "MDbobelectronics",
  "version": "3.6.0",
  "factorio_version": "1.1",
  "title": "Bob's Electronics SE KR",
  "author": "Bobingabout, MdRuz",
  "contact": "",
  "homepage": "https://forums.factorio.com/viewtopic.php?f=190&t=95748",
  "dependencies": [
    "base >= 1.1.0",
    "boblibrary >= 1.1.0",
    "? bobplates >= 1.1.0",
	"? space-exploration >= 0.6.65",
	"? space-exploration-postprocess >= 0.6.13",
	"? aai-industry >= 0.5.18",
	"? bzsilicon >= 0.3.0",
	"? bzlead >= 0.2.0",
	"? bztitanium >= 0.9.0",
	"? Krastorio2 >= 1.3.2",
	"! bobelectronics"
	
	
  ],
  "description": "(Space Exploration and Krastorio edition) Requires Bob's functions library mod.\n\nThis mod changes the way you build electronics, making the process more realistic.\nFirst you have to assemble electronic components, then combine them into circuit boards.\nOptional setting for the following: 'unlike in the base game, each tier of circuit board does NOT require the previous tier.'\nIt also adds a 4th tier of electronics used for high end machinery.\n\nAlthough it can work by itself, it is designed to function best with krastorio and space exploration."
}
