{
	"name": "Kux-OrbitalIonCannon",
	"version": "2.4.1",
	"factorio_version": "1.1",
	"title": "Orbital Ion Cannon (SE Edition)",
	"author": "kuxynator",
	"homepage": "",
	"dependencies": [
		"base",
		"Kux-CoreLib >= 2.4.1",
		"stdlib",
		"? bobwarfare",
		"? bobpower",
		"? bobtech",
		"? bobelectronics",
		
		"? RampantArsenal",
		"? space-exploration",
		"? Krastorio2",
		"? 5dim_compatibility",

		"! Orbital Ion Cannon"
	],
	"description": "When you need to call down the thunder to deal with those pesky biters, launch a rocket with an ion cannon into orbit and show the bugs who's boss.\r\nRepublishing Supercheese's Orbital Ion Cannon 1.8.2\r\nOriginal Homepage: http://www.factorioforums.com/forum/viewtopic.php?f=93&t=17910"
}
