{
  "name": "Expensive_Fluid_Must_Flow_Recipes",
  "version": "1.0.0",
  "factorio_version": "1.1",
  "title": "Expensive Fluid Must Flow Recipes",
  "author": "Neko14789",
  "dependencies": ["base >= 1.1", "FluidMustFlow", "? bztitanium", "? Krastorio2"],
  "description": "Makes recipes from Fluid Must Flow more expensive. Replaces iron plates in recipes with steel plates and engine units with electric engine units. When Titanium by brevven is used, iron and steel plates will be replaced by titanium plates instead. When Krastorio 2 by raiguard is used, iron gear wheels will be replaced by steel gear wheels. Technology prerequisites are adjusted accordingly.", 
  "license": "MIT"
}
