{
  "name":"Power Armor MK3",
  "author":"jimmy_1283",
  "version":"0.4.6",
  "title":"Power Armor MK3",
  "description":"Bigger, better power armors; with a bigger grid (14x14)/(20x20) and larger inventory bonus (+50)/(+60), also adds various equipment, alternatives to light and heavy armor with inventory bonus (+10)/(+20), and allows custom grid size for Spidertron.",
  "homepage":"https://forums.factorio.com/viewtopic.php?f=93&t=47506",
  "factorio_version":"1.1",
  "dependencies": [
    "base >= 1.1.0"
  ]
}
