{
    "name": "OD27_5dim_resources",
    "version": "1.1.5",
    "factorio_version": "1.1",
    "title": "OD27 fork of 5Dim's mod - New Resources",
    "author": "5Dim",
    "contact": "https://github.com/Orangedude27/OD27_5DimMods/issues",
    "homepage": "https://mods.factorio.com/user/Orangedude27",
    "description": "Resources for OD27 fork of 5Dim's mod\n\rAdd a new intermediate to improve your basic resources from ores.\n\rThis mod include:\n\r- 10 tiers of electric furnaces\n\r- 10 tiers of mashers and their intermediate dust",
    "dependencies": ["OD27_5dim_core >= 1.1.0", "! 5dim_resources"]
}
